{
  "timestamp": "2026-06-04T06:40:44.841010",
  "data_shape": [
    230,
    36
  ],
  "features": [
    "co",
    "no",
    "no2",
    "o3",
    "so2",
    "pm2_5",
    "pm10",
    "nh3",
    "hour",
    "day",
    "month",
    "day_of_week",
    "aqi_lag_1",
    "aqi_change"
  ],
  "features_count": 14,
  "regression_mae": 15.533106076290858,
  "regression_rmse": 21.469067604278138,
  "regression_r2": 0.9741884710521571,
  "unique_classes": [
    1,
    2,
    3,
    4,
    5,
    6
  ],
  "class_distribution": {
    "1": 33,
    "2": 48,
    "3": 32,
    "4": 2,
    "5": 80,
    "6": 35
  },
  "classification_accuracy": 1.0,
  "classification_f1": 1.0
}